timestamp,unit_id,unit_type,empire_or_resistance,location_x,location_y,destination_x,destination_y,homeworld
2024-02-06 16:44:24,1,at-at,empire,3,4,8,6,Stewjon
2024-02-06 16:44:23,2,at-at,empire,2,7,10,5,Skako
2024-02-06 16:44:22,3,tie_fighter,resistance,5,5,10,8,Mon Cala
2024-02-06 16:44:21,4,tie_silencer,resistance,6,8,9,10,Alderaan
2024-02-06 16:44:20,5,unknown,empire,7,3,6,7,Skako
2024-02-06 16:44:19,6,stormtrooper,resistance,2,7,7,5,Ryloth
2024-02-06 16:44:18,7,tie_fighter,resistance,9,10,6,9,Shili
2024-02-06 16:44:17,8,stormtrooper,empire,8,4,6,4,Bestine IV
2024-02-06 16:44:16,9,resistance_soldier,resistance,2,8,5,6,Kashyyyk
2024-02-06 16:44:15,10,stormtrooper,empire,3,5,5,8,Troiken
2024-02-06 16:44:14,11,at-at,resistance,9,7,7,1,Quermia
2024-02-06 16:44:13,12,stormtrooper,empire,1,5,3,7,Toydaria
2024-02-06 16:44:12,13,at-st,empire,6,7,3,6,Zolan
2024-02-06 16:44:11,14,stormtrooper,empire,10,9,7,7,Dorin
2024-02-06 16:44:10,15,resistance_soldier,resistance,10,4,8,4,Iktotch
2024-02-06 16:44:09,16,at-st,resistance,3,9,9,9,Sullust
2024-02-06 16:44:08,17,x-wing,empire,1,2,1,9,Muunilinst
2024-02-06 16:44:07,18,at-st,resistance,8,7,7,3,Glee Anselm
2024-02-06 16:44:06,19,stormtrooper,empire,4,10,3,5,Iridonia
2024-02-06 16:44:05,20,at-at,resistance,1,7,5,3,Rodia
2024-02-06 16:44:04,21,stormtrooper,empire,2,2,1,5,Champala
2024-02-06 16:44:03,22,tie_fighter,resistance,6,8,10,1,Kalee
2024-02-06 16:44:02,23,tie_fighter,resistance,7,7,4,3,Ryloth
2024-02-06 16:44:01,24,tie_silencer,resistance,9,10,9,8,Ryloth
2024-02-06 16:44:00,25,tie_fighter,resistance,6,9,5,7,Champala
2024-02-06 16:43:59,26,x-wing,resistance,2,8,9,6,Troiken
2024-02-06 16:43:58,27,at-st,resistance,10,4,5,2,Rodia
2024-02-06 16:43:57,28,stormtrooper,empire,4,6,5,6,Serenno
2024-02-06 16:43:56,29,stormtrooper,empire,5,9,8,2,Haruun Kal
2024-02-06 16:43:55,30,unknown,empire,2,4,9,8,Iktotch
2024-02-06 16:43:54,31,tie_silencer,resistance,5,9,7,5,Stewjon
2024-02-06 16:43:53,32,at-at,resistance,4,9,6,4,Glee Anselm
2024-02-06 16:43:52,33,unknown,resistance,9,8,5,2,Mon Cala
2024-02-06 16:43:51,34,resistance_soldier,empire,6,8,4,8,Serenno
2024-02-06 16:43:50,35,stormtrooper,resistance,4,8,2,1,Troiken
2024-02-06 16:43:49,36,resistance_soldier,resistance,8,6,2,4,Iridonia
2024-02-06 16:43:48,37,stormtrooper,empire,5,7,4,2,Dagobah
2024-02-06 16:43:47,38,x-wing,resistance,9,9,8,4,Quermia
2024-02-06 16:43:46,39,stormtrooper,resistance,4,6,2,6,Dorin
2024-02-06 16:43:45,40,tie_silencer,empire,5,3,5,7,Dorin
2024-02-06 16:43:44,41,tie_fighter,empire,6,8,8,7,Mirial
2024-02-06 16:43:43,42,stormtrooper,empire,7,1,1,3,Skako
2024-02-06 16:43:42,43,at-st,resistance,2,7,9,3,Aleen Minor
2024-02-06 16:43:41,44,x-wing,resistance,7,6,5,6,Tund
2024-02-06 16:43:40,45,x-wing,empire,9,4,3,10,Malastare
2024-02-06 16:43:39,46,unknown,empire,3,7,5,4,Toydaria
2024-02-06 16:43:38,47,tie_fighter,resistance,6,2,1,4,Haruun Kal
2024-02-06 16:43:37,48,unknown,resistance,3,8,8,7,Umbara
2024-02-06 16:43:36,49,resistance_soldier,resistance,1,2,10,2,Mon Cala
2024-02-06 16:43:35,50,at-at,resistance,1,9,4,4,Iridonia
2024-02-06 16:43:34,51,at-at,empire,8,9,8,6,Corellia
2024-02-06 16:43:33,52,tie_silencer,empire,4,8,1,2,Ryloth
2024-02-06 16:43:32,53,at-at,resistance,2,4,9,3,Glee Anselm
2024-02-06 16:43:31,54,at-st,empire,9,2,1,10,Muunilinst
2024-02-06 16:43:30,55,at-st,resistance,8,7,2,8,Trandosha
2024-02-06 16:43:29,56,at-at,resistance,6,6,9,8,Ryloth
2024-02-06 16:43:28,57,tie_fighter,empire,6,7,3,5,Dagobah
2024-02-06 16:43:27,58,tie_fighter,resistance,9,9,10,4,Ojom
2024-02-06 16:43:26,59,tie_fighter,resistance,3,8,7,4,Bestine IV
2024-02-06 16:43:25,60,x-wing,resistance,3,4,9,8,Socorro
2024-02-06 16:43:24,61,unknown,resistance,3,1,5,4,Kalee
2024-02-06 16:43:23,62,unknown,resistance,1,6,2,5,Tatooine
2024-02-06 16:43:22,63,resistance_soldier,resistance,4,10,3,5,Tholoth
2024-02-06 16:43:21,64,at-st,resistance,6,7,6,5,Iktotch
2024-02-06 16:43:20,65,resistance_soldier,empire,4,6,9,8,Tund
2024-02-06 16:43:19,66,resistance_soldier,resistance,1,10,2,8,Skako
2024-02-06 16:43:18,67,x-wing,empire,5,2,2,4,Glee Anselm
2024-02-06 16:43:17,68,resistance_soldier,resistance,10,9,5,7,Iridonia
2024-02-06 16:43:16,69,tie_silencer,resistance,10,1,9,7,Iktotch
2024-02-06 16:43:15,70,at-st,empire,9,7,4,5,Cerea
2024-02-06 16:43:14,71,tie_fighter,resistance,7,6,6,2,Umbara
2024-02-06 16:43:13,72,at-at,resistance,4,1,5,2,Ryloth
2024-02-06 16:43:12,73,tie_fighter,resistance,6,10,4,10,Mon Cala
2024-02-06 16:43:11,74,at-st,empire,7,4,10,3,Naboo
2024-02-06 16:43:10,75,at-at,resistance,5,2,10,10,Alderaan
2024-02-06 16:43:09,76,at-st,resistance,9,5,5,3,Kashyyyk
2024-02-06 16:43:08,77,x-wing,resistance,2,3,4,10,Alderaan
2024-02-06 16:43:07,78,tie_silencer,resistance,6,4,8,1,Bestine IV
2024-02-06 16:43:06,79,tie_fighter,resistance,9,6,10,3,Sullust
2024-02-06 16:43:05,80,at-st,resistance,7,2,7,4,Tholoth
2024-02-06 16:43:04,81,tie_silencer,empire,9,1,3,7,Bestine IV
2024-02-06 16:43:03,82,unknown,empire,7,4,9,6,Serenno
2024-02-06 16:43:02,83,unknown,resistance,5,4,8,6,Toydaria
2024-02-06 16:43:01,84,unknown,resistance,1,4,8,6,Kashyyyk
2024-02-06 16:43:00,85,x-wing,resistance,6,5,9,2,Kalee
2024-02-06 16:42:59,86,tie_silencer,resistance,10,5,2,7,Trandosha
2024-02-06 16:42:58,87,at-at,resistance,6,9,10,3,Mon Cala
2024-02-06 16:42:57,88,at-at,empire,8,3,10,2,Stewjon
2024-02-06 16:42:56,89,x-wing,resistance,2,6,1,4,Sullust
2024-02-06 16:42:55,90,unknown,resistance,8,9,10,10,Trandosha
2024-02-06 16:42:54,91,at-st,empire,5,4,5,7,Iridonia
2024-02-06 16:42:53,92,resistance_soldier,resistance,5,5,2,5,Aleen Minor
2024-02-06 16:42:52,93,unknown,empire,3,2,9,9,Skako
2024-02-06 16:42:51,94,tie_fighter,empire,6,8,10,3,Tund
2024-02-06 16:42:50,95,tie_silencer,empire,4,1,6,3,Quermia
2024-02-06 16:42:49,96,unknown,resistance,4,10,2,2,Kashyyyk
2024-02-06 16:42:48,97,resistance_soldier,resistance,8,6,2,7,Bestine IV
2024-02-06 16:42:47,98,at-st,empire,6,2,8,3,Toydaria
2024-02-06 16:42:46,99,at-at,empire,6,4,9,5,Corellia
2024-02-06 16:42:45,100,resistance_soldier,empire,2,7,6,5,Eriadu
2024-02-06 16:42:44,101,x-wing,empire,3,6,4,3,Glee Anselm
2024-02-06 16:42:43,102,resistance_soldier,empire,8,1,2,7,Aleen Minor
2024-02-06 16:42:42,103,stormtrooper,empire,10,5,8,7,Ojom
2024-02-06 16:42:41,104,resistance_soldier,resistance,2,6,8,7,Sullust
2024-02-06 16:42:40,105,tie_fighter,resistance,2,10,5,6,Socorro
2024-02-06 16:42:39,106,stormtrooper,resistance,7,4,3,1,Alderaan
2024-02-06 16:42:38,107,resistance_soldier,empire,5,9,9,1,Mirial
2024-02-06 16:42:37,108,at-at,resistance,7,2,8,6,Umbara
2024-02-06 16:42:36,109,at-st,resistance,5,9,6,7,Mirial
2024-02-06 16:42:35,110,tie_fighter,empire,6,4,8,1,Mirial
2024-02-06 16:42:34,111,unknown,empire,2,10,4,9,Toydaria
2024-02-06 16:42:33,112,stormtrooper,empire,4,3,9,3,Tund
2024-02-06 16:42:32,113,stormtrooper,empire,9,8,6,6,Skako
2024-02-06 16:42:31,114,tie_fighter,empire,7,8,1,9,Toydaria
2024-02-06 16:42:30,115,at-st,empire,10,8,2,10,Troiken
2024-02-06 16:42:29,116,x-wing,resistance,9,4,2,9,Iridonia
2024-02-06 16:42:28,117,at-st,resistance,10,10,1,4,Kalee
2024-02-06 16:42:27,118,stormtrooper,resistance,10,2,5,2,Alderaan
2024-02-06 16:42:26,119,at-st,resistance,4,3,6,6,Socorro
2024-02-06 16:42:25,120,tie_silencer,resistance,1,3,3,9,Shili
2024-02-06 16:42:24,121,tie_fighter,empire,4,8,5,8,Tund
2024-02-06 16:42:23,122,resistance_soldier,resistance,9,5,10,3,Zolan
2024-02-06 16:42:22,123,resistance_soldier,empire,4,6,3,7,Skako
2024-02-06 16:42:21,124,tie_silencer,empire,7,9,5,5,Champala
2024-02-06 16:42:20,125,tie_silencer,empire,3,5,7,7,Quermia
2024-02-06 16:42:19,126,resistance_soldier,empire,9,6,7,5,Eriadu
2024-02-06 16:42:18,127,tie_fighter,empire,9,1,9,2,Bestine IV
2024-02-06 16:42:17,128,at-at,resistance,5,5,2,10,Ojom
2024-02-06 16:42:16,129,at-st,resistance,8,8,8,7,Champala
2024-02-06 16:42:15,130,tie_fighter,resistance,5,6,4,1,Quermia
2024-02-06 16:42:14,131,stormtrooper,empire,8,6,1,8,Tund
2024-02-06 16:42:13,132,x-wing,empire,3,2,5,4,Skako
2024-02-06 16:42:12,133,x-wing,empire,6,8,7,4,Umbara
2024-02-06 16:42:11,134,at-st,resistance,5,7,1,2,Haruun Kal
2024-02-06 16:42:10,135,tie_fighter,empire,4,4,1,7,Umbara
2024-02-06 16:42:09,136,x-wing,empire,2,8,6,2,Tatooine
2024-02-06 16:42:08,137,tie_fighter,resistance,9,6,7,5,Tholoth
2024-02-06 16:42:07,138,tie_fighter,resistance,8,6,3,9,Dathomir
2024-02-06 16:42:06,139,at-st,empire,7,3,10,4,Tund
2024-02-06 16:42:05,140,x-wing,resistance,8,10,7,1,Chandrila
2024-02-06 16:42:04,141,resistance_soldier,empire,3,9,9,8,Kalee
2024-02-06 16:42:03,142,tie_fighter,empire,9,3,1,8,Toydaria
2024-02-06 16:42:02,143,stormtrooper,empire,1,8,2,10,Rodia
2024-02-06 16:42:01,144,tie_fighter,empire,10,3,7,3,Troiken
2024-02-06 16:42:00,145,at-st,empire,10,7,6,4,Toydaria
2024-02-06 16:41:59,146,resistance_soldier,empire,10,9,3,6,Aleen Minor
2024-02-06 16:41:58,147,tie_silencer,resistance,1,3,8,6,Mon Cala
2024-02-06 16:41:57,148,stormtrooper,empire,3,3,6,6,Trandosha
2024-02-06 16:41:56,149,tie_fighter,resistance,1,4,3,8,Concord Dawn
2024-02-06 16:41:55,150,resistance_soldier,resistance,3,8,1,3,Mon Cala
2024-02-06 16:41:54,151,tie_fighter,resistance,2,10,5,1,Naboo
2024-02-06 16:41:53,152,at-st,empire,8,4,6,3,Dagobah
2024-02-06 16:41:52,153,stormtrooper,resistance,3,10,3,9,Aleen Minor
2024-02-06 16:41:51,154,tie_fighter,resistance,8,9,10,5,Socorro
2024-02-06 16:41:50,155,x-wing,empire,3,6,1,9,Ryloth
2024-02-06 16:41:49,156,tie_silencer,empire,2,1,10,1,Muunilinst
2024-02-06 16:41:48,157,resistance_soldier,resistance,3,2,10,9,Haruun Kal
2024-02-06 16:41:47,158,tie_silencer,empire,7,3,2,3,Tund
2024-02-06 16:41:46,159,at-at,resistance,5,5,10,9,Troiken
2024-02-06 16:41:45,160,resistance_soldier,resistance,6,9,3,6,Shili
2024-02-06 16:41:44,161,at-st,empire,5,5,1,3,Naboo
2024-02-06 16:41:43,162,at-at,empire,5,8,2,6,Tholoth
2024-02-06 16:41:42,163,stormtrooper,empire,3,3,6,4,Umbara
2024-02-06 16:41:41,164,at-st,empire,9,7,6,6,Dagobah
2024-02-06 16:41:40,165,x-wing,empire,6,8,1,1,Shili
2024-02-06 16:41:39,166,at-at,empire,7,9,5,8,Muunilinst
2024-02-06 16:41:38,167,x-wing,resistance,8,1,5,5,Kashyyyk
2024-02-06 16:41:37,168,resistance_soldier,empire,6,8,1,2,Stewjon
2024-02-06 16:41:36,169,at-at,resistance,10,10,9,4,Rodia
2024-02-06 16:41:35,170,at-st,resistance,3,8,3,9,Socorro
2024-02-06 16:41:34,171,tie_fighter,empire,2,10,4,3,Iktotch
2024-02-06 16:41:33,172,stormtrooper,empire,3,6,6,7,Haruun Kal
2024-02-06 16:41:32,173,unknown,empire,8,3,7,5,Muunilinst
2024-02-06 16:41:31,174,tie_silencer,resistance,7,6,5,3,Socorro
2024-02-06 16:41:30,175,resistance_soldier,empire,10,1,2,4,Kalee
2024-02-06 16:41:29,176,tie_fighter,resistance,10,10,1,9,Shili
2024-02-06 16:41:28,177,tie_fighter,resistance,1,4,7,8,Rodia
2024-02-06 16:41:27,178,at-st,empire,9,7,4,8,Iktotch
2024-02-06 16:41:26,179,unknown,resistance,10,6,6,1,Sullust
2024-02-06 16:41:25,180,at-at,empire,5,10,1,8,Serenno
2024-02-06 16:41:24,181,at-at,empire,8,2,8,3,Dathomir
2024-02-06 16:41:23,182,at-st,resistance,2,2,3,8,Cerea
2024-02-06 16:41:22,183,tie_silencer,resistance,6,3,6,3,Kashyyyk
2024-02-06 16:41:21,184,stormtrooper,empire,1,10,1,10,Stewjon
2024-02-06 16:41:20,185,at-at,empire,5,5,8,5,Eriadu
2024-02-06 16:41:19,186,at-at,empire,5,8,2,2,Troiken
2024-02-06 16:41:18,187,stormtrooper,empire,7,1,5,8,Malastare
2024-02-06 16:41:17,188,at-st,resistance,2,7,9,9,Concord Dawn
2024-02-06 16:41:16,189,tie_fighter,resistance,6,3,6,4,Troiken
2024-02-06 16:41:15,190,stormtrooper,resistance,1,1,10,5,Champala
2024-02-06 16:41:14,191,unknown,empire,4,7,5,7,Skako
2024-02-06 16:41:13,192,unknown,empire,7,5,6,2,Corellia
2024-02-06 16:41:12,193,stormtrooper,empire,8,4,1,8,Malastare
2024-02-06 16:41:11,194,at-st,resistance,8,6,7,9,Dathomir
2024-02-06 16:41:10,195,at-st,resistance,5,10,10,4,Ojom
2024-02-06 16:41:09,196,unknown,resistance,4,6,3,1,Sullust
2024-02-06 16:41:08,197,tie_fighter,resistance,2,9,7,8,Trandosha
2024-02-06 16:41:07,198,at-st,resistance,4,1,1,5,Concord Dawn
2024-02-06 16:41:06,199,tie_fighter,resistance,8,1,7,5,Glee Anselm
2024-02-06 16:41:05,200,at-st,empire,10,10,3,5,Trandosha
2024-02-06 16:41:04,201,at-at,empire,4,8,3,8,Glee Anselm
2024-02-06 16:41:03,202,x-wing,empire,8,1,1,10,Socorro
2024-02-06 16:41:02,203,unknown,resistance,9,2,2,4,Chandrila
2024-02-06 16:41:01,204,x-wing,resistance,2,7,6,2,Iktotch
2024-02-06 16:41:00,205,unknown,empire,10,7,10,10,Cerea
2024-02-06 16:40:59,206,tie_fighter,empire,7,1,3,7,Muunilinst
2024-02-06 16:40:58,207,tie_silencer,resistance,3,1,2,9,Quermia
2024-02-06 16:40:57,208,x-wing,resistance,4,1,5,5,Champala
2024-02-06 16:40:56,209,tie_fighter,empire,6,5,5,10,Cerea
2024-02-06 16:40:55,210,x-wing,resistance,10,2,5,7,Cerea
2024-02-06 16:40:54,211,at-st,empire,4,7,8,10,Ojom
2024-02-06 16:40:53,212,unknown,empire,6,1,6,2,Cerea
2024-02-06 16:40:52,213,at-st,empire,10,9,4,6,Zolan
2024-02-06 16:40:51,214,x-wing,resistance,3,3,8,4,Mon Cala
2024-02-06 16:40:50,215,tie_silencer,resistance,8,10,5,10,Concord Dawn
2024-02-06 16:40:49,216,at-at,resistance,9,7,3,9,Mon Cala
2024-02-06 16:40:48,217,stormtrooper,empire,10,2,8,4,Serenno
2024-02-06 16:40:47,218,at-st,empire,1,5,2,9,Skako
2024-02-06 16:40:46,219,tie_silencer,resistance,7,6,4,5,Tholoth
2024-02-06 16:40:45,220,stormtrooper,empire,9,6,4,1,Vulpter
2024-02-06 16:40:44,221,at-at,resistance,5,10,4,8,Socorro
2024-02-06 16:40:43,222,stormtrooper,empire,6,4,2,3,Vulpter
2024-02-06 16:40:42,223,tie_fighter,empire,9,7,6,3,Iktotch
2024-02-06 16:40:41,224,tie_fighter,empire,5,1,4,5,Bestine IV
2024-02-06 16:40:40,225,x-wing,resistance,1,8,10,5,Kashyyyk
2024-02-06 16:40:39,226,unknown,resistance,6,5,6,9,Quermia
2024-02-06 16:40:38,227,tie_silencer,empire,5,3,10,10,Kalee
2024-02-06 16:40:37,228,resistance_soldier,resistance,3,6,7,4,Zolan
2024-02-06 16:40:36,229,at-st,empire,7,8,4,2,Serenno
2024-02-06 16:40:35,230,stormtrooper,resistance,9,3,4,9,Bestine IV
2024-02-06 16:40:34,231,unknown,resistance,6,9,3,6,Malastare
2024-02-06 16:40:33,232,stormtrooper,resistance,5,8,9,8,Kashyyyk
2024-02-06 16:40:32,233,at-st,resistance,4,5,4,3,Rodia
2024-02-06 16:40:31,234,tie_silencer,empire,1,8,10,2,Aleen Minor
2024-02-06 16:40:30,235,at-at,empire,1,10,5,7,Muunilinst
2024-02-06 16:40:29,236,at-st,resistance,3,6,3,3,Troiken
2024-02-06 16:40:28,237,tie_fighter,resistance,1,9,7,5,Naboo
2024-02-06 16:40:27,238,stormtrooper,empire,2,4,10,8,Iktotch
2024-02-06 16:40:26,239,unknown,empire,6,4,1,3,Skako
2024-02-06 16:40:25,240,at-st,resistance,1,5,8,10,Tholoth
2024-02-06 16:40:24,241,at-st,empire,6,9,1,2,Muunilinst
2024-02-06 16:40:23,242,resistance_soldier,resistance,8,6,4,10,Shili
2024-02-06 16:40:22,243,at-at,resistance,2,5,4,3,Sullust
2024-02-06 16:40:21,244,at-st,empire,4,4,8,4,Aleen Minor
2024-02-06 16:40:20,245,resistance_soldier,resistance,10,7,10,7,Iktotch
2024-02-06 16:40:19,246,stormtrooper,resistance,10,3,10,1,Glee Anselm
2024-02-06 16:40:18,247,unknown,empire,3,1,9,6,Stewjon
2024-02-06 16:40:17,248,tie_fighter,resistance,8,6,4,3,Alderaan
2024-02-06 16:40:16,249,resistance_soldier,empire,1,9,3,1,Ryloth
2024-02-06 16:40:15,250,x-wing,resistance,9,1,3,1,Trandosha
2024-02-06 16:40:14,251,tie_silencer,resistance,3,7,7,7,Alderaan
2024-02-06 16:40:13,252,resistance_soldier,resistance,8,2,6,5,Trandosha
2024-02-06 16:40:12,253,tie_fighter,resistance,9,5,10,10,Sullust
2024-02-06 16:40:11,254,at-st,resistance,9,9,5,6,Dagobah
2024-02-06 16:40:10,255,tie_silencer,resistance,7,4,10,2,Alderaan
2024-02-06 16:40:09,256,tie_silencer,empire,9,7,7,7,Muunilinst
2024-02-06 16:40:08,257,unknown,empire,2,7,7,6,Stewjon
2024-02-06 16:40:07,258,resistance_soldier,empire,3,10,5,8,Toydaria
2024-02-06 16:40:06,259,tie_silencer,empire,5,5,4,9,Champala
2024-02-06 16:40:05,260,stormtrooper,resistance,10,7,10,7,Rodia
2024-02-06 16:40:04,261,unknown,empire,9,4,5,4,Trandosha
2024-02-06 16:40:03,262,at-st,resistance,8,1,10,5,Champala
2024-02-06 16:40:02,263,stormtrooper,empire,9,9,10,3,Trandosha
2024-02-06 16:40:01,264,at-st,resistance,8,9,4,8,Mon Cala
2024-02-06 16:40:00,265,stormtrooper,empire,2,7,9,1,Concord Dawn
2024-02-06 16:39:59,266,at-at,empire,5,7,8,2,Shili
2024-02-06 16:39:58,267,stormtrooper,empire,9,10,6,1,Mirial
2024-02-06 16:39:57,268,tie_fighter,empire,8,5,5,3,Toydaria
2024-02-06 16:39:56,269,x-wing,resistance,1,8,2,7,Cerea
2024-02-06 16:39:55,270,tie_fighter,resistance,1,1,6,8,Bestine IV
2024-02-06 16:39:54,271,tie_silencer,resistance,8,9,10,8,Chandrila
2024-02-06 16:39:53,272,stormtrooper,empire,4,7,4,7,Tholoth
2024-02-06 16:39:52,273,at-at,resistance,6,3,9,10,Rodia
2024-02-06 16:39:51,274,stormtrooper,empire,5,8,8,9,Eriadu
2024-02-06 16:39:50,275,x-wing,empire,3,2,10,6,Dathomir
2024-02-06 16:39:49,276,tie_fighter,resistance,2,1,7,6,Naboo
2024-02-06 16:39:48,277,tie_fighter,resistance,10,2,7,6,Kalee
2024-02-06 16:39:47,278,at-at,resistance,6,4,9,4,Dathomir
2024-02-06 16:39:46,279,at-st,resistance,9,8,4,3,Alderaan
2024-02-06 16:39:45,280,resistance_soldier,resistance,3,3,3,1,Kashyyyk
2024-02-06 16:39:44,281,resistance_soldier,empire,3,7,6,10,Serenno
2024-02-06 16:39:43,282,tie_fighter,resistance,9,5,6,2,Naboo
2024-02-06 16:39:42,283,x-wing,empire,6,4,9,4,Trandosha
2024-02-06 16:39:41,284,tie_silencer,empire,2,9,1,10,Haruun Kal
2024-02-06 16:39:40,285,unknown,resistance,6,5,7,9,Socorro
2024-02-06 16:39:39,286,stormtrooper,empire,10,9,1,3,Mirial
2024-02-06 16:39:38,287,at-at,empire,8,7,8,5,Corellia
2024-02-06 16:39:37,288,x-wing,empire,6,10,10,9,Iridonia
2024-02-06 16:39:36,289,unknown,resistance,3,6,8,5,Ojom
2024-02-06 16:39:35,290,tie_silencer,resistance,5,1,6,7,Haruun Kal
2024-02-06 16:39:34,291,resistance_soldier,empire,5,6,1,1,Ojom
2024-02-06 16:39:33,292,resistance_soldier,resistance,5,3,5,9,Toydaria
2024-02-06 16:39:32,293,unknown,resistance,2,3,10,2,Glee Anselm
2024-02-06 16:39:31,294,at-at,resistance,8,9,9,3,Shili
2024-02-06 16:39:30,295,tie_fighter,empire,4,10,6,8,Mirial
2024-02-06 16:39:29,296,at-at,resistance,2,2,6,5,Iridonia
2024-02-06 16:39:28,297,tie_fighter,resistance,3,10,2,9,Chandrila
2024-02-06 16:39:27,298,unknown,empire,3,9,3,10,Tund
2024-02-06 16:39:26,299,resistance_soldier,resistance,8,4,3,3,Muunilinst
2024-02-06 16:39:25,300,tie_fighter,empire,1,6,1,9,Rodia
2024-02-06 16:39:24,301,stormtrooper,resistance,2,7,2,7,Muunilinst
2024-02-06 16:39:23,302,tie_fighter,empire,1,10,8,2,Dorin
2024-02-06 16:39:22,303,tie_silencer,resistance,4,10,2,8,Haruun Kal
2024-02-06 16:39:21,304,at-at,resistance,3,5,1,2,Champala
2024-02-06 16:39:20,305,resistance_soldier,empire,10,8,1,4,Zolan
2024-02-06 16:39:19,306,x-wing,resistance,8,7,10,4,Aleen Minor
2024-02-06 16:39:18,307,unknown,resistance,10,5,9,3,Bestine IV
2024-02-06 16:39:17,308,tie_silencer,empire,8,5,6,3,Corellia
2024-02-06 16:39:16,309,resistance_soldier,empire,8,9,2,4,Troiken
2024-02-06 16:39:15,310,x-wing,resistance,5,2,2,1,Malastare
2024-02-06 16:39:14,311,tie_silencer,resistance,2,7,9,1,Mon Cala
2024-02-06 16:39:13,312,stormtrooper,resistance,6,8,4,6,Cerea
2024-02-06 16:39:12,313,unknown,empire,7,2,8,6,Trandosha
2024-02-06 16:39:11,314,x-wing,empire,4,4,8,2,Ojom
2024-02-06 16:39:10,315,resistance_soldier,resistance,4,3,1,7,Rodia
2024-02-06 16:39:09,316,resistance_soldier,resistance,2,1,1,5,Socorro
2024-02-06 16:39:08,317,resistance_soldier,resistance,7,1,3,6,Eriadu
2024-02-06 16:39:07,318,x-wing,resistance,6,6,10,5,Aleen Minor
2024-02-06 16:39:06,319,tie_silencer,empire,10,3,4,10,Kashyyyk
2024-02-06 16:39:05,320,tie_fighter,resistance,5,4,10,6,Quermia
2024-02-06 16:39:04,321,tie_silencer,empire,3,7,7,7,Iridonia
2024-02-06 16:39:03,322,tie_silencer,empire,1,5,3,3,Eriadu
2024-02-06 16:39:02,323,unknown,resistance,3,10,4,8,Iridonia
2024-02-06 16:39:01,324,at-at,empire,6,7,5,8,Iktotch
2024-02-06 16:39:00,325,stormtrooper,resistance,3,9,2,4,Glee Anselm
2024-02-06 16:38:59,326,unknown,resistance,1,10,2,3,Glee Anselm
2024-02-06 16:38:58,327,at-st,empire,2,8,3,4,Muunilinst
2024-02-06 16:38:57,328,resistance_soldier,empire,3,1,7,4,Tatooine
2024-02-06 16:38:56,329,tie_silencer,resistance,7,5,6,4,Eriadu
2024-02-06 16:38:55,330,unknown,resistance,7,10,2,1,Alderaan
2024-02-06 16:38:54,331,tie_fighter,resistance,6,6,9,6,Iktotch
2024-02-06 16:38:53,332,tie_fighter,empire,10,9,6,5,Naboo
2024-02-06 16:38:52,333,tie_silencer,resistance,2,4,6,10,Cerea
2024-02-06 16:38:51,334,at-at,resistance,3,8,8,2,Iridonia
2024-02-06 16:38:50,335,x-wing,empire,3,6,4,2,Kalee
2024-02-06 16:38:49,336,tie_silencer,empire,10,6,1,6,Dagobah
2024-02-06 16:38:48,337,unknown,empire,8,4,9,4,Eriadu
2024-02-06 16:38:47,338,unknown,empire,7,9,7,2,Shili
2024-02-06 16:38:46,339,at-at,resistance,5,1,3,10,Concord Dawn
2024-02-06 16:38:45,340,resistance_soldier,resistance,1,9,6,3,Eriadu
2024-02-06 16:38:44,341,tie_fighter,empire,4,2,10,9,Quermia
2024-02-06 16:38:43,342,at-st,resistance,4,9,3,5,Champala
2024-02-06 16:38:42,343,at-st,empire,5,9,6,8,Mirial
2024-02-06 16:38:41,344,unknown,empire,2,6,8,1,Ojom
2024-02-06 16:38:40,345,unknown,empire,6,10,8,5,Tholoth
2024-02-06 16:38:39,346,tie_fighter,resistance,2,7,6,7,Socorro
2024-02-06 16:38:38,347,tie_fighter,empire,10,3,10,10,Concord Dawn
2024-02-06 16:38:37,348,at-st,resistance,9,9,3,2,Shili
2024-02-06 16:38:36,349,resistance_soldier,empire,2,6,5,8,Iridonia
2024-02-06 16:38:35,350,tie_fighter,empire,6,5,8,4,Ryloth
2024-02-06 16:38:34,351,resistance_soldier,empire,8,9,4,9,Trandosha
2024-02-06 16:38:33,352,unknown,empire,1,4,2,9,Dagobah
2024-02-06 16:38:32,353,resistance_soldier,resistance,2,10,10,2,Umbara
2024-02-06 16:38:31,354,at-at,empire,8,2,7,3,Malastare
2024-02-06 16:38:30,355,tie_silencer,resistance,1,9,8,2,Alderaan
2024-02-06 16:38:29,356,tie_silencer,resistance,4,3,3,9,Naboo
2024-02-06 16:38:28,357,x-wing,resistance,2,2,7,4,Naboo
2024-02-06 16:38:27,358,at-st,resistance,7,3,10,9,Mon Cala
2024-02-06 16:38:26,359,at-st,empire,8,3,10,9,Cerea
2024-02-06 16:38:25,360,resistance_soldier,empire,5,9,5,8,Dorin
2024-02-06 16:38:24,361,unknown,empire,3,7,7,1,Trandosha
2024-02-06 16:38:23,362,resistance_soldier,empire,9,1,1,9,Glee Anselm
2024-02-06 16:38:22,363,stormtrooper,resistance,8,4,10,2,Troiken
2024-02-06 16:38:21,364,stormtrooper,resistance,4,8,9,10,Bestine IV
2024-02-06 16:38:20,365,resistance_soldier,resistance,8,6,9,10,Chandrila
2024-02-06 16:38:19,366,x-wing,empire,7,1,8,10,Tatooine
2024-02-06 16:38:18,367,tie_fighter,resistance,1,8,7,2,Tholoth
2024-02-06 16:38:17,368,at-at,empire,1,6,3,10,Kashyyyk
2024-02-06 16:38:16,369,x-wing,empire,9,4,7,5,Quermia
2024-02-06 16:38:15,370,tie_silencer,empire,1,3,7,6,Kashyyyk
2024-02-06 16:38:14,371,resistance_soldier,resistance,2,1,3,6,Dathomir
2024-02-06 16:38:13,372,stormtrooper,empire,8,3,7,5,Shili
2024-02-06 16:38:12,373,unknown,resistance,9,4,2,3,Rodia
2024-02-06 16:38:11,374,stormtrooper,resistance,10,6,9,8,Shili
2024-02-06 16:38:10,375,at-at,resistance,3,3,10,2,Mirial
2024-02-06 16:38:09,376,unknown,empire,2,6,1,1,Muunilinst
2024-02-06 16:38:08,377,tie_fighter,empire,5,9,4,1,Quermia
2024-02-06 16:38:07,378,tie_silencer,empire,2,5,9,1,Dagobah
2024-02-06 16:38:06,379,unknown,empire,9,4,3,1,Malastare
2024-02-06 16:38:05,380,tie_silencer,empire,8,1,9,7,Zolan
2024-02-06 16:38:04,381,tie_fighter,empire,2,1,3,5,Champala
2024-02-06 16:38:03,382,stormtrooper,empire,6,7,8,10,Trandosha
2024-02-06 16:38:02,383,tie_fighter,empire,8,5,6,6,Cerea
2024-02-06 16:38:01,384,at-at,empire,8,9,9,8,Zolan
2024-02-06 16:38:00,385,x-wing,resistance,9,10,2,1,Cerea
2024-02-06 16:37:59,386,unknown,empire,6,7,9,5,Iktotch
2024-02-06 16:37:58,387,resistance_soldier,resistance,2,9,8,3,Aleen Minor
2024-02-06 16:37:57,388,at-at,empire,4,6,8,5,Skako
2024-02-06 16:37:56,389,unknown,resistance,5,6,4,2,Iridonia
2024-02-06 16:37:55,390,tie_fighter,empire,6,2,8,9,Iridonia
2024-02-06 16:37:54,391,at-st,resistance,7,2,8,8,Troiken
2024-02-06 16:37:53,392,at-st,resistance,5,10,1,7,Iktotch
2024-02-06 16:37:52,393,at-st,empire,7,8,8,10,Champala
2024-02-06 16:37:51,394,x-wing,empire,7,8,3,1,Tund
2024-02-06 16:37:50,395,x-wing,resistance,6,9,7,2,Kalee
2024-02-06 16:37:49,396,tie_silencer,resistance,9,9,2,6,Rodia
2024-02-06 16:37:48,397,at-st,resistance,9,9,3,9,Champala
2024-02-06 16:37:47,398,at-at,empire,3,4,7,8,Corellia
2024-02-06 16:37:46,399,stormtrooper,resistance,7,8,8,1,Concord Dawn
2024-02-06 16:37:45,400,at-st,resistance,1,4,5,2,Kashyyyk
2024-02-06 16:37:44,401,unknown,empire,8,8,1,3,Stewjon
2024-02-06 16:37:43,402,tie_fighter,empire,3,5,2,2,Dagobah
2024-02-06 16:37:42,403,stormtrooper,resistance,4,3,7,7,Iktotch
2024-02-06 16:37:41,404,stormtrooper,resistance,8,2,10,2,Mon Cala
2024-02-06 16:37:40,405,unknown,resistance,3,9,8,5,Socorro
2024-02-06 16:37:39,406,stormtrooper,empire,6,3,1,10,Iridonia
2024-02-06 16:37:38,407,x-wing,empire,7,2,5,10,Dagobah
2024-02-06 16:37:37,408,unknown,resistance,7,7,9,8,Zolan
2024-02-06 16:37:36,409,x-wing,empire,3,6,3,10,Serenno
2024-02-06 16:37:35,410,at-st,empire,1,3,6,3,Tund
2024-02-06 16:37:34,411,resistance_soldier,empire,1,9,4,5,Rodia
2024-02-06 16:37:33,412,tie_fighter,empire,1,10,3,7,Glee Anselm
2024-02-06 16:37:32,413,x-wing,resistance,3,8,8,6,Bestine IV
2024-02-06 16:37:31,414,unknown,empire,5,5,5,9,Zolan
2024-02-06 16:37:30,415,at-st,resistance,4,7,2,6,Toydaria
2024-02-06 16:37:29,416,tie_silencer,resistance,4,4,5,7,Dorin
2024-02-06 16:37:28,417,x-wing,empire,3,6,4,3,Corellia
2024-02-06 16:37:27,418,tie_fighter,resistance,10,10,2,1,Dorin
2024-02-06 16:37:26,419,stormtrooper,empire,8,5,4,10,Malastare
2024-02-06 16:37:25,420,unknown,empire,6,1,2,8,Iktotch
2024-02-06 16:37:24,421,at-at,empire,10,1,2,9,Vulpter
2024-02-06 16:37:23,422,resistance_soldier,empire,9,10,7,8,Malastare
2024-02-06 16:37:22,423,unknown,empire,2,6,3,8,Vulpter
2024-02-06 16:37:21,424,resistance_soldier,resistance,10,3,2,6,Zolan
2024-02-06 16:37:20,425,at-st,resistance,7,1,7,7,Shili
2024-02-06 16:37:19,426,at-at,resistance,3,6,7,10,Cerea
2024-02-06 16:37:18,427,tie_silencer,resistance,7,10,9,8,Haruun Kal
2024-02-06 16:37:17,428,resistance_soldier,resistance,6,7,6,5,Cerea
2024-02-06 16:37:16,429,tie_fighter,empire,4,3,5,3,Tatooine
2024-02-06 16:37:15,430,unknown,empire,3,2,6,1,Bestine IV
2024-02-06 16:37:14,431,stormtrooper,empire,8,10,9,1,Aleen Minor
2024-02-06 16:37:13,432,resistance_soldier,empire,2,7,6,2,Dagobah
2024-02-06 16:37:12,433,at-st,empire,5,9,5,4,Tund
2024-02-06 16:37:11,434,at-at,resistance,5,10,9,3,Dathomir
2024-02-06 16:37:10,435,stormtrooper,empire,10,1,5,2,Mon Cala
2024-02-06 16:37:09,436,x-wing,resistance,1,7,2,9,Umbara
2024-02-06 16:37:08,437,at-at,empire,6,4,4,2,Bestine IV
2024-02-06 16:37:07,438,at-at,resistance,7,9,8,6,Mon Cala
2024-02-06 16:37:06,439,tie_silencer,empire,7,2,6,3,Iridonia
2024-02-06 16:37:05,440,x-wing,resistance,2,8,1,8,Concord Dawn
2024-02-06 16:37:04,441,tie_fighter,resistance,2,1,5,2,Bestine IV
2024-02-06 16:37:03,442,at-st,empire,5,4,5,4,Vulpter
2024-02-06 16:37:02,443,tie_fighter,resistance,3,2,5,8,Glee Anselm
2024-02-06 16:37:01,444,stormtrooper,resistance,10,3,10,10,Haruun Kal
2024-02-06 16:37:00,445,at-st,empire,8,2,3,2,Chandrila
2024-02-06 16:36:59,446,x-wing,resistance,7,8,9,6,Glee Anselm
2024-02-06 16:36:58,447,stormtrooper,resistance,8,3,10,6,Kashyyyk
2024-02-06 16:36:57,448,at-st,resistance,3,7,2,7,Stewjon
2024-02-06 16:36:56,449,x-wing,empire,2,10,8,3,Bestine IV
2024-02-06 16:36:55,450,stormtrooper,resistance,9,9,7,8,Alderaan
2024-02-06 16:36:54,451,resistance_soldier,empire,7,9,2,2,Skako
2024-02-06 16:36:53,452,resistance_soldier,empire,1,4,1,4,Dagobah
2024-02-06 16:36:52,453,resistance_soldier,empire,8,9,10,9,Troiken
2024-02-06 16:36:51,454,x-wing,empire,8,6,9,2,Stewjon
2024-02-06 16:36:50,455,at-st,resistance,1,7,7,1,Glee Anselm
2024-02-06 16:36:49,456,at-st,resistance,2,5,5,1,Alderaan
2024-02-06 16:36:48,457,at-at,resistance,4,5,5,3,Bestine IV
2024-02-06 16:36:47,458,resistance_soldier,empire,7,2,7,3,Trandosha
2024-02-06 16:36:46,459,resistance_soldier,resistance,10,8,1,3,Quermia
2024-02-06 16:36:45,460,tie_fighter,resistance,8,3,10,5,Ryloth
2024-02-06 16:36:44,461,x-wing,resistance,1,6,1,8,Tholoth
2024-02-06 16:36:43,462,unknown,empire,7,9,10,5,Malastare
2024-02-06 16:36:42,463,resistance_soldier,empire,7,8,9,10,Vulpter
2024-02-06 16:36:41,464,resistance_soldier,resistance,4,3,6,9,Kalee
2024-02-06 16:36:40,465,tie_silencer,resistance,7,5,6,8,Troiken
2024-02-06 16:36:39,466,x-wing,empire,3,5,2,5,Muunilinst
2024-02-06 16:36:38,467,at-st,resistance,6,10,7,4,Champala
2024-02-06 16:36:37,468,x-wing,resistance,5,7,10,3,Naboo
2024-02-06 16:36:36,469,stormtrooper,empire,1,4,10,2,Muunilinst
2024-02-06 16:36:35,470,tie_fighter,resistance,8,3,1,6,Umbara
2024-02-06 16:36:34,471,at-at,empire,4,1,9,10,Dagobah
2024-02-06 16:36:33,472,resistance_soldier,empire,7,1,2,9,Trandosha
2024-02-06 16:36:32,473,stormtrooper,resistance,10,9,8,2,Haruun Kal
2024-02-06 16:36:31,474,stormtrooper,resistance,7,8,8,2,Chandrila
2024-02-06 16:36:30,475,unknown,resistance,9,2,2,7,Zolan
2024-02-06 16:36:29,476,tie_fighter,resistance,7,5,2,4,Umbara
2024-02-06 16:36:28,477,tie_silencer,resistance,6,3,7,5,Eriadu
2024-02-06 16:36:27,478,tie_silencer,empire,3,10,2,6,Umbara
2024-02-06 16:36:26,479,unknown,empire,1,8,3,6,Tund
2024-02-06 16:36:25,480,unknown,empire,4,1,9,2,Tatooine
2024-02-06 16:36:24,481,at-at,empire,5,6,8,2,Aleen Minor
2024-02-06 16:36:23,482,stormtrooper,resistance,2,5,3,9,Bestine IV
2024-02-06 16:36:22,483,at-at,empire,6,3,9,10,Shili
2024-02-06 16:36:21,484,unknown,resistance,1,7,7,7,Concord Dawn
2024-02-06 16:36:20,485,resistance_soldier,resistance,4,1,4,10,Concord Dawn
2024-02-06 16:36:19,486,resistance_soldier,resistance,1,7,6,1,Ryloth
2024-02-06 16:36:18,487,stormtrooper,empire,7,4,7,4,Zolan
2024-02-06 16:36:17,488,stormtrooper,empire,4,8,9,9,Rodia
2024-02-06 16:36:16,489,resistance_soldier,resistance,10,6,7,1,Concord Dawn
2024-02-06 16:36:15,490,stormtrooper,resistance,6,2,4,2,Umbara
2024-02-06 16:36:14,491,x-wing,empire,7,2,4,8,Glee Anselm
2024-02-06 16:36:13,492,at-at,empire,7,4,3,6,Ryloth
2024-02-06 16:36:12,493,x-wing,empire,8,5,10,9,Cerea
2024-02-06 16:36:11,494,at-st,empire,5,7,8,2,Umbara
2024-02-06 16:36:10,495,unknown,empire,4,2,6,10,Skako
2024-02-06 16:36:09,496,stormtrooper,empire,5,4,3,5,Dagobah
2024-02-06 16:36:08,497,unknown,empire,4,4,9,3,Naboo
2024-02-06 16:36:07,498,at-at,resistance,5,6,2,8,Aleen Minor
2024-02-06 16:36:06,499,tie_fighter,empire,7,3,3,1,Socorro
2024-02-06 16:36:05,500,stormtrooper,empire,9,7,10,2,Corellia
2024-02-06 16:36:04,501,at-st,empire,10,3,6,5,Mirial
2024-02-06 16:36:03,502,at-at,empire,6,6,1,4,Dagobah
2024-02-06 16:36:02,503,stormtrooper,empire,9,6,2,6,Vulpter
2024-02-06 16:36:01,504,at-st,resistance,5,1,1,2,Alderaan
2024-02-06 16:36:00,505,stormtrooper,empire,7,4,5,2,Tholoth
2024-02-06 16:35:59,506,at-at,resistance,5,7,4,1,Iktotch
2024-02-06 16:35:58,507,x-wing,empire,10,10,2,6,Glee Anselm
2024-02-06 16:35:57,508,at-at,empire,7,7,8,1,Zolan
2024-02-06 16:35:56,509,tie_fighter,empire,6,9,7,9,Bestine IV
2024-02-06 16:35:55,510,unknown,resistance,3,1,6,3,Alderaan
2024-02-06 16:35:54,511,unknown,empire,2,1,8,10,Iridonia
2024-02-06 16:35:53,512,resistance_soldier,resistance,7,8,5,9,Ryloth
2024-02-06 16:35:52,513,tie_fighter,empire,10,2,2,3,Dagobah
2024-02-06 16:35:51,514,at-at,resistance,6,10,9,3,Glee Anselm
2024-02-06 16:35:50,515,tie_silencer,resistance,8,1,10,5,Cerea
2024-02-06 16:35:49,516,unknown,resistance,2,5,4,5,Dathomir
2024-02-06 16:35:48,517,at-st,resistance,6,3,10,8,Alderaan
2024-02-06 16:35:47,518,at-st,resistance,7,8,5,8,Rodia
2024-02-06 16:35:46,519,unknown,empire,5,1,1,2,Troiken
2024-02-06 16:35:45,520,tie_silencer,resistance,4,8,4,4,Cerea
2024-02-06 16:35:44,521,tie_silencer,resistance,10,1,5,1,Mon Cala
2024-02-06 16:35:43,522,at-at,resistance,9,8,9,1,Mon Cala
2024-02-06 16:35:42,523,at-at,resistance,2,2,8,7,Troiken
2024-02-06 16:35:41,524,unknown,empire,3,10,8,6,Shili
2024-02-06 16:35:40,525,unknown,resistance,1,5,2,3,Tholoth
2024-02-06 16:35:39,526,tie_fighter,resistance,3,7,10,3,Kalee
2024-02-06 16:35:38,527,stormtrooper,resistance,3,8,9,9,Alderaan
2024-02-06 16:35:37,528,resistance_soldier,resistance,3,2,6,5,Naboo
2024-02-06 16:35:36,529,tie_silencer,empire,6,3,2,10,Socorro
2024-02-06 16:35:35,530,tie_fighter,resistance,4,6,2,1,Ryloth
2024-02-06 16:35:34,531,unknown,empire,5,1,10,10,Muunilinst
2024-02-06 16:35:33,532,x-wing,empire,3,9,10,10,Malastare
2024-02-06 16:35:32,533,unknown,empire,6,2,7,6,Naboo
2024-02-06 16:35:31,534,tie_silencer,resistance,9,1,3,1,Ryloth
2024-02-06 16:35:30,535,x-wing,resistance,2,9,10,10,Sullust
2024-02-06 16:35:29,536,stormtrooper,empire,1,4,2,4,Concord Dawn
2024-02-06 16:35:28,537,stormtrooper,empire,2,5,7,3,Stewjon
2024-02-06 16:35:27,538,at-at,resistance,3,2,4,3,Naboo
2024-02-06 16:35:26,539,x-wing,resistance,1,4,7,7,Tholoth
2024-02-06 16:35:25,540,x-wing,resistance,5,6,8,1,Mon Cala
2024-02-06 16:35:24,541,unknown,empire,10,10,6,8,Aleen Minor
2024-02-06 16:35:23,542,at-at,empire,8,8,7,4,Dagobah
2024-02-06 16:35:22,543,stormtrooper,resistance,4,3,8,9,Iktotch
2024-02-06 16:35:21,544,x-wing,resistance,9,10,6,2,Dorin
2024-02-06 16:35:20,545,x-wing,resistance,6,10,3,6,Mirial
2024-02-06 16:35:19,546,tie_silencer,resistance,9,7,8,8,Alderaan
2024-02-06 16:35:18,547,at-at,resistance,5,8,10,8,Vulpter
2024-02-06 16:35:17,548,resistance_soldier,resistance,2,5,5,8,Toydaria
2024-02-06 16:35:16,549,unknown,resistance,9,3,3,9,Aleen Minor
2024-02-06 16:35:15,550,tie_fighter,empire,7,2,8,7,Tund
2024-02-06 16:35:14,551,x-wing,resistance,8,9,8,9,Troiken
2024-02-06 16:35:13,552,at-st,resistance,3,4,4,10,Socorro
2024-02-06 16:35:12,553,at-at,empire,4,6,6,10,Trandosha
2024-02-06 16:35:11,554,stormtrooper,empire,8,4,8,10,Eriadu
2024-02-06 16:35:10,555,stormtrooper,empire,5,9,1,10,Tholoth
2024-02-06 16:35:09,556,tie_silencer,empire,3,7,7,4,Cerea
2024-02-06 16:35:08,557,at-st,empire,5,3,6,3,Stewjon
2024-02-06 16:35:07,558,x-wing,empire,4,10,3,10,Bestine IV
2024-02-06 16:35:06,559,at-st,empire,9,5,9,2,Kalee
2024-02-06 16:35:05,560,tie_fighter,resistance,10,9,4,8,Haruun Kal
2024-02-06 16:35:04,561,x-wing,empire,5,9,1,4,Aleen Minor
2024-02-06 16:35:03,562,at-at,resistance,8,5,2,7,Troiken
2024-02-06 16:35:02,563,at-at,empire,9,3,2,4,Shili
2024-02-06 16:35:01,564,stormtrooper,empire,4,4,1,10,Stewjon
2024-02-06 16:35:00,565,at-st,empire,9,9,8,2,Aleen Minor
2024-02-06 16:34:59,566,unknown,empire,6,1,9,2,Stewjon
2024-02-06 16:34:58,567,resistance_soldier,resistance,9,3,6,3,Dagobah
2024-02-06 16:34:57,568,unknown,resistance,8,7,2,6,Shili
2024-02-06 16:34:56,569,resistance_soldier,resistance,4,9,3,6,Kashyyyk
2024-02-06 16:34:55,570,at-st,empire,4,3,3,9,Umbara
2024-02-06 16:34:54,571,tie_fighter,empire,6,8,6,7,Bestine IV
2024-02-06 16:34:53,572,unknown,empire,10,7,3,7,Tatooine
2024-02-06 16:34:52,573,x-wing,empire,5,9,7,3,Quermia
2024-02-06 16:34:51,574,at-at,resistance,8,2,7,2,Cerea
2024-02-06 16:34:50,575,unknown,resistance,1,10,5,1,Iktotch
2024-02-06 16:34:49,576,tie_silencer,empire,8,6,4,2,Ojom
2024-02-06 16:34:48,577,at-st,empire,3,7,2,10,Serenno
2024-02-06 16:34:47,578,stormtrooper,empire,1,5,3,2,Champala
2024-02-06 16:34:46,579,unknown,resistance,5,5,6,7,Kashyyyk
2024-02-06 16:34:45,580,resistance_soldier,resistance,1,2,5,7,Umbara
2024-02-06 16:34:44,581,tie_fighter,empire,3,6,9,9,Toydaria
2024-02-06 16:34:43,582,at-st,resistance,5,7,6,3,Bestine IV
2024-02-06 16:34:42,583,unknown,resistance,6,4,10,3,Iridonia
2024-02-06 16:34:41,584,x-wing,resistance,5,4,8,3,Umbara
2024-02-06 16:34:40,585,tie_silencer,empire,8,8,6,1,Skako
2024-02-06 16:34:39,586,resistance_soldier,resistance,8,10,10,3,Umbara
2024-02-06 16:34:38,587,resistance_soldier,empire,5,1,10,5,Aleen Minor
2024-02-06 16:34:37,588,stormtrooper,empire,8,7,10,9,Concord Dawn
2024-02-06 16:34:36,589,unknown,empire,1,2,9,3,Zolan
2024-02-06 16:34:35,590,unknown,resistance,3,7,2,9,Ryloth
2024-02-06 16:34:34,591,tie_fighter,resistance,2,10,6,9,Quermia
2024-02-06 16:34:33,592,unknown,resistance,1,3,5,8,Bestine IV
2024-02-06 16:34:32,593,stormtrooper,empire,3,2,6,4,Bestine IV
2024-02-06 16:34:31,594,tie_silencer,resistance,8,9,9,8,Mirial
2024-02-06 16:34:30,595,at-at,empire,1,9,7,5,Corellia
2024-02-06 16:34:29,596,x-wing,resistance,2,3,4,1,Tund
2024-02-06 16:34:28,597,at-at,empire,5,8,1,3,Corellia
2024-02-06 16:34:27,598,tie_silencer,empire,5,4,10,8,Serenno
2024-02-06 16:34:26,599,unknown,resistance,10,6,10,8,Socorro
2024-02-06 16:34:25,600,at-st,empire,4,9,1,10,Kalee
2024-02-06 16:34:24,601,tie_fighter,resistance,7,7,5,3,Bestine IV
2024-02-06 16:34:23,602,at-at,resistance,3,4,9,4,Chandrila
2024-02-06 16:34:22,603,tie_fighter,resistance,1,5,9,4,Vulpter
2024-02-06 16:34:21,604,at-at,resistance,4,1,2,3,Tatooine
2024-02-06 16:34:20,605,resistance_soldier,resistance,10,7,10,5,Muunilinst
2024-02-06 16:34:19,606,at-at,empire,5,4,4,8,Shili
2024-02-06 16:34:18,607,tie_fighter,empire,1,4,10,10,Aleen Minor
2024-02-06 16:34:17,608,tie_fighter,empire,2,3,1,3,Muunilinst
2024-02-06 16:34:16,609,resistance_soldier,empire,10,2,8,9,Dorin
2024-02-06 16:34:15,610,tie_fighter,resistance,4,2,1,6,Iktotch
2024-02-06 16:34:14,611,at-st,empire,2,10,3,10,Tholoth
2024-02-06 16:34:13,612,tie_silencer,empire,9,6,7,3,Eriadu
2024-02-06 16:34:12,613,tie_fighter,resistance,5,9,5,8,Toydaria
2024-02-06 16:34:11,614,unknown,resistance,1,6,9,9,Eriadu
2024-02-06 16:34:10,615,resistance_soldier,resistance,3,1,1,5,Umbara
2024-02-06 16:34:09,616,unknown,resistance,3,3,9,2,Tatooine
2024-02-06 16:34:08,617,x-wing,resistance,4,10,8,9,Mon Cala
2024-02-06 16:34:07,618,at-st,resistance,8,9,7,2,Umbara
2024-02-06 16:34:06,619,stormtrooper,empire,2,4,9,4,Vulpter
2024-02-06 16:34:05,620,at-st,empire,1,2,2,9,Eriadu
2024-02-06 16:34:04,621,tie_silencer,empire,10,2,4,2,Tund
2024-02-06 16:34:03,622,tie_silencer,empire,4,3,8,3,Stewjon
2024-02-06 16:34:02,623,at-st,empire,7,10,9,8,Ojom
2024-02-06 16:34:01,624,stormtrooper,resistance,3,2,2,9,Glee Anselm
2024-02-06 16:34:00,625,x-wing,resistance,9,4,3,10,Alderaan
2024-02-06 16:33:59,626,tie_fighter,resistance,3,4,1,2,Glee Anselm
2024-02-06 16:33:58,627,tie_fighter,empire,7,8,3,5,Serenno
2024-02-06 16:33:57,628,x-wing,resistance,7,9,10,8,Tholoth
2024-02-06 16:33:56,629,at-at,resistance,5,7,10,4,Bestine IV
2024-02-06 16:33:55,630,x-wing,empire,4,5,9,9,Mirial
2024-02-06 16:33:54,631,stormtrooper,resistance,6,1,6,7,Sullust
2024-02-06 16:33:53,632,at-st,resistance,3,10,7,2,Champala
2024-02-06 16:33:52,633,at-at,empire,4,2,7,5,Corellia
2024-02-06 16:33:51,634,stormtrooper,resistance,8,8,9,5,Tholoth
2024-02-06 16:33:50,635,tie_silencer,empire,9,2,3,3,Zolan
2024-02-06 16:33:49,636,x-wing,resistance,1,10,6,5,Naboo
2024-02-06 16:33:48,637,tie_fighter,resistance,10,1,5,5,Mon Cala
2024-02-06 16:33:47,638,stormtrooper,resistance,4,9,3,3,Kashyyyk
2024-02-06 16:33:46,639,stormtrooper,resistance,2,10,4,3,Umbara
2024-02-06 16:33:45,640,resistance_soldier,empire,7,6,1,1,Tholoth
2024-02-06 16:33:44,641,resistance_soldier,empire,3,5,1,1,Champala
2024-02-06 16:33:43,642,at-st,resistance,4,5,10,9,Dorin
2024-02-06 16:33:42,643,x-wing,resistance,9,8,5,1,Sullust
2024-02-06 16:33:41,644,resistance_soldier,resistance,2,8,2,6,Tholoth
2024-02-06 16:33:40,645,tie_silencer,resistance,3,2,4,6,Vulpter
2024-02-06 16:33:39,646,x-wing,empire,4,8,9,7,Toydaria
2024-02-06 16:33:38,647,tie_fighter,empire,4,5,6,2,Zolan
2024-02-06 16:33:37,648,resistance_soldier,resistance,2,6,7,2,Socorro
2024-02-06 16:33:36,649,tie_fighter,resistance,6,2,9,9,Shili
2024-02-06 16:33:35,650,tie_fighter,empire,4,5,4,3,Stewjon
2024-02-06 16:33:34,651,stormtrooper,empire,6,4,10,7,Eriadu
2024-02-06 16:33:33,652,x-wing,resistance,2,1,2,9,Zolan
2024-02-06 16:33:32,653,resistance_soldier,empire,9,2,1,3,Dorin
2024-02-06 16:33:31,654,at-st,empire,9,2,5,1,Skako
2024-02-06 16:33:30,655,tie_fighter,resistance,1,5,4,6,Malastare
2024-02-06 16:33:29,656,at-at,empire,9,10,5,4,Trandosha
2024-02-06 16:33:28,657,tie_silencer,empire,10,5,9,7,Tholoth
2024-02-06 16:33:27,658,x-wing,empire,4,8,6,4,Socorro
2024-02-06 16:33:26,659,tie_fighter,empire,10,2,6,5,Glee Anselm
2024-02-06 16:33:25,660,tie_fighter,resistance,3,6,7,5,Naboo
2024-02-06 16:33:24,661,unknown,resistance,4,8,9,7,Ryloth
2024-02-06 16:33:23,662,at-st,empire,7,7,7,6,Naboo
2024-02-06 16:33:22,663,unknown,empire,7,3,1,8,Dorin
2024-02-06 16:33:21,664,x-wing,resistance,3,10,4,4,Champala
2024-02-06 16:33:20,665,unknown,empire,8,3,9,6,Tholoth
2024-02-06 16:33:19,666,tie_fighter,empire,2,6,6,5,Stewjon
2024-02-06 16:33:18,667,at-st,empire,10,10,7,9,Socorro
2024-02-06 16:33:17,668,tie_silencer,empire,9,4,1,1,Quermia
2024-02-06 16:33:16,669,tie_fighter,empire,1,9,7,5,Ryloth
2024-02-06 16:33:15,670,x-wing,resistance,6,10,9,1,Umbara
2024-02-06 16:33:14,671,at-st,resistance,9,5,2,5,Rodia
2024-02-06 16:33:13,672,at-at,resistance,7,1,2,7,Champala
2024-02-06 16:33:12,673,at-st,resistance,5,7,7,1,Sullust
2024-02-06 16:33:11,674,stormtrooper,empire,6,8,9,7,Muunilinst
2024-02-06 16:33:10,675,x-wing,resistance,4,4,2,4,Trandosha
2024-02-06 16:33:09,676,unknown,resistance,1,6,7,7,Iktotch
2024-02-06 16:33:08,677,tie_fighter,empire,1,1,1,1,Mirial
2024-02-06 16:33:07,678,at-st,empire,8,7,1,10,Haruun Kal
2024-02-06 16:33:06,679,stormtrooper,resistance,10,6,5,4,Alderaan
2024-02-06 16:33:05,680,unknown,resistance,1,8,4,6,Cerea
2024-02-06 16:33:04,681,resistance_soldier,empire,3,9,10,10,Malastare
2024-02-06 16:33:03,682,resistance_soldier,resistance,7,7,6,7,Mirial
2024-02-06 16:33:02,683,at-st,empire,1,9,1,1,Dagobah
2024-02-06 16:33:01,684,at-st,resistance,6,8,10,3,Ryloth
2024-02-06 16:33:00,685,resistance_soldier,resistance,6,9,3,5,Glee Anselm
2024-02-06 16:32:59,686,tie_fighter,resistance,9,3,6,5,Concord Dawn
2024-02-06 16:32:58,687,at-st,empire,10,2,7,7,Concord Dawn
2024-02-06 16:32:57,688,at-st,resistance,6,9,9,8,Naboo
2024-02-06 16:32:56,689,at-st,empire,1,2,6,9,Muunilinst
2024-02-06 16:32:55,690,stormtrooper,empire,5,1,6,2,Quermia
2024-02-06 16:32:54,691,tie_silencer,resistance,4,6,7,9,Tatooine
2024-02-06 16:32:53,692,x-wing,empire,6,4,7,1,Cerea
2024-02-06 16:32:52,693,at-at,resistance,9,4,3,7,Rodia
2024-02-06 16:32:51,694,resistance_soldier,resistance,3,7,2,4,Glee Anselm
2024-02-06 16:32:50,695,unknown,resistance,3,3,8,6,Iridonia
2024-02-06 16:32:49,696,unknown,resistance,3,5,2,5,Haruun Kal
2024-02-06 16:32:48,697,at-at,empire,6,2,7,1,Dorin
2024-02-06 16:32:47,698,stormtrooper,resistance,10,10,9,2,Tatooine
2024-02-06 16:32:46,699,x-wing,empire,2,9,9,2,Shili
2024-02-06 16:32:45,700,resistance_soldier,resistance,6,6,6,10,Ryloth
2024-02-06 16:32:44,701,stormtrooper,empire,3,5,7,1,Tholoth
2024-02-06 16:32:43,702,stormtrooper,empire,9,1,2,1,Mon Cala
2024-02-06 16:32:42,703,at-at,resistance,7,7,8,7,Mon Cala
2024-02-06 16:32:41,704,resistance_soldier,resistance,5,3,9,7,Tund
2024-02-06 16:32:40,705,at-st,empire,2,5,8,9,Stewjon
2024-02-06 16:32:39,706,tie_fighter,empire,7,3,2,6,Ojom
2024-02-06 16:32:38,707,tie_silencer,resistance,5,2,2,2,Chandrila
2024-02-06 16:32:37,708,at-at,empire,4,10,1,2,Champala
2024-02-06 16:32:36,709,at-at,resistance,2,6,6,10,Naboo
2024-02-06 16:32:35,710,stormtrooper,empire,5,6,9,8,Corellia
2024-02-06 16:32:34,711,tie_silencer,empire,8,5,6,6,Haruun Kal
2024-02-06 16:32:33,712,tie_silencer,empire,9,4,3,5,Ryloth
2024-02-06 16:32:32,713,unknown,empire,10,1,6,2,Stewjon
2024-02-06 16:32:31,714,resistance_soldier,resistance,8,7,2,8,Kalee
2024-02-06 16:32:30,715,tie_fighter,empire,8,4,1,8,Dagobah
2024-02-06 16:32:29,716,tie_silencer,empire,1,9,2,3,Umbara
2024-02-06 16:32:28,717,at-at,resistance,3,7,4,10,Dathomir
2024-02-06 16:32:27,718,tie_silencer,resistance,7,6,7,8,Sullust
2024-02-06 16:32:26,719,at-st,empire,1,5,9,2,Toydaria
2024-02-06 16:32:25,720,tie_silencer,empire,1,1,3,2,Corellia
2024-02-06 16:32:24,721,unknown,empire,6,9,4,7,Zolan
2024-02-06 16:32:23,722,tie_fighter,resistance,1,10,7,7,Troiken
2024-02-06 16:32:22,723,at-st,empire,4,7,8,6,Corellia
2024-02-06 16:32:21,724,resistance_soldier,resistance,2,6,2,10,Quermia
2024-02-06 16:32:20,725,at-at,resistance,3,9,3,3,Glee Anselm
2024-02-06 16:32:19,726,stormtrooper,resistance,5,2,3,7,Haruun Kal
2024-02-06 16:32:18,727,tie_fighter,resistance,7,2,9,9,Tholoth
2024-02-06 16:32:17,728,stormtrooper,resistance,3,1,10,10,Dathomir
2024-02-06 16:32:16,729,stormtrooper,empire,1,9,7,5,Vulpter
2024-02-06 16:32:15,730,resistance_soldier,resistance,1,2,6,6,Mon Cala
2024-02-06 16:32:14,731,x-wing,empire,1,6,3,8,Quermia
2024-02-06 16:32:13,732,x-wing,resistance,10,2,6,4,Skako
2024-02-06 16:32:12,733,resistance_soldier,resistance,8,7,6,1,Ryloth
2024-02-06 16:32:11,734,tie_silencer,resistance,7,1,9,7,Umbara
2024-02-06 16:32:10,735,at-st,resistance,2,4,1,7,Alderaan
2024-02-06 16:32:09,736,stormtrooper,resistance,2,1,9,3,Haruun Kal
2024-02-06 16:32:08,737,tie_fighter,empire,1,4,9,4,Tholoth
2024-02-06 16:32:07,738,unknown,empire,7,10,3,2,Mirial
2024-02-06 16:32:06,739,tie_fighter,resistance,8,7,4,2,Kashyyyk
2024-02-06 16:32:05,740,tie_fighter,resistance,5,9,6,5,Aleen Minor
2024-02-06 16:32:04,741,tie_fighter,empire,1,2,1,9,Ryloth
2024-02-06 16:32:03,742,tie_fighter,resistance,1,8,3,6,Umbara
2024-02-06 16:32:02,743,resistance_soldier,resistance,6,6,7,7,Iktotch
2024-02-06 16:32:01,744,x-wing,resistance,8,4,2,1,Umbara
2024-02-06 16:32:00,745,resistance_soldier,resistance,9,10,6,8,Iktotch
2024-02-06 16:31:59,746,tie_fighter,resistance,9,6,4,2,Dagobah
2024-02-06 16:31:58,747,resistance_soldier,empire,8,10,7,5,Eriadu
2024-02-06 16:31:57,748,tie_fighter,empire,6,2,5,5,Quermia
2024-02-06 16:31:56,749,stormtrooper,empire,2,9,2,1,Eriadu
2024-02-06 16:31:55,750,unknown,empire,9,2,8,5,Skako
2024-02-06 16:31:54,751,stormtrooper,resistance,5,6,7,4,Trandosha
2024-02-06 16:31:53,752,stormtrooper,empire,8,6,5,10,Muunilinst
2024-02-06 16:31:52,753,stormtrooper,resistance,2,2,1,5,Sullust
2024-02-06 16:31:51,754,unknown,resistance,2,2,10,3,Quermia
2024-02-06 16:31:50,755,stormtrooper,resistance,7,8,6,5,Mon Cala
2024-02-06 16:31:49,756,at-st,empire,2,7,1,1,Troiken
2024-02-06 16:31:48,757,tie_silencer,empire,5,8,5,6,Champala
2024-02-06 16:31:47,758,at-at,resistance,5,3,5,6,Bestine IV
2024-02-06 16:31:46,759,at-st,empire,1,8,7,3,Serenno
2024-02-06 16:31:45,760,x-wing,resistance,8,2,7,3,Champala
2024-02-06 16:31:44,761,x-wing,resistance,3,10,5,3,Eriadu
2024-02-06 16:31:43,762,at-at,resistance,6,2,4,2,Dorin
2024-02-06 16:31:42,763,tie_fighter,empire,9,7,6,5,Kalee
2024-02-06 16:31:41,764,resistance_soldier,empire,10,2,4,8,Tatooine
2024-02-06 16:31:40,765,resistance_soldier,resistance,8,8,1,4,Quermia
2024-02-06 16:31:39,766,unknown,empire,9,6,6,2,Concord Dawn
2024-02-06 16:31:38,767,resistance_soldier,resistance,4,2,9,2,Ojom
2024-02-06 16:31:37,768,resistance_soldier,empire,1,5,5,7,Bestine IV
2024-02-06 16:31:36,769,stormtrooper,resistance,4,3,8,7,Socorro
2024-02-06 16:31:35,770,x-wing,empire,1,2,6,4,Dagobah
2024-02-06 16:31:34,771,resistance_soldier,resistance,7,2,10,10,Bestine IV
2024-02-06 16:31:33,772,stormtrooper,resistance,10,7,10,8,Concord Dawn
2024-02-06 16:31:32,773,at-at,empire,1,8,8,4,Tholoth
2024-02-06 16:31:31,774,tie_silencer,empire,6,8,4,8,Naboo
2024-02-06 16:31:30,775,x-wing,resistance,9,5,2,9,Haruun Kal
2024-02-06 16:31:29,776,unknown,empire,6,10,4,2,Eriadu
2024-02-06 16:31:28,777,unknown,empire,3,1,2,10,Dagobah
2024-02-06 16:31:27,778,at-st,resistance,2,5,5,4,Kalee
2024-02-06 16:31:26,779,at-at,empire,10,2,8,1,Tund
2024-02-06 16:31:25,780,resistance_soldier,empire,5,5,2,2,Champala
2024-02-06 16:31:24,781,tie_silencer,resistance,7,7,10,2,Zolan
2024-02-06 16:31:23,782,at-st,empire,2,9,3,5,Serenno
2024-02-06 16:31:22,783,resistance_soldier,resistance,8,5,4,5,Cerea
2024-02-06 16:31:21,784,at-st,resistance,1,10,4,5,Zolan
2024-02-06 16:31:20,785,at-at,resistance,6,6,5,10,Socorro
2024-02-06 16:31:19,786,at-st,resistance,5,5,10,2,Iridonia
2024-02-06 16:31:18,787,resistance_soldier,resistance,4,6,7,1,Shili
2024-02-06 16:31:17,788,x-wing,resistance,4,5,5,10,Alderaan
2024-02-06 16:31:16,789,x-wing,empire,9,10,6,7,Dagobah
2024-02-06 16:31:15,790,unknown,empire,6,2,4,9,Iktotch
2024-02-06 16:31:14,791,tie_fighter,empire,6,4,7,9,Dorin
2024-02-06 16:31:13,792,unknown,resistance,2,7,2,9,Alderaan
2024-02-06 16:31:12,793,at-at,resistance,8,8,10,8,Umbara
2024-02-06 16:31:11,794,x-wing,resistance,2,4,1,1,Iridonia
2024-02-06 16:31:10,795,resistance_soldier,empire,1,5,8,2,Zolan
2024-02-06 16:31:09,796,unknown,resistance,1,9,1,4,Dathomir
2024-02-06 16:31:08,797,at-at,resistance,7,4,3,2,Stewjon
2024-02-06 16:31:07,798,at-at,resistance,2,6,1,5,Quermia
2024-02-06 16:31:06,799,x-wing,empire,5,8,1,5,Corellia
2024-02-06 16:31:05,800,tie_fighter,resistance,5,3,6,6,Kalee
2024-02-06 16:31:04,801,tie_silencer,empire,5,6,6,4,Rodia
2024-02-06 16:31:03,802,tie_fighter,resistance,3,9,10,6,Malastare
2024-02-06 16:31:02,803,stormtrooper,empire,6,1,8,4,Malastare
2024-02-06 16:31:01,804,tie_fighter,empire,6,4,6,9,Champala
2024-02-06 16:31:00,805,stormtrooper,empire,1,5,10,6,Muunilinst
2024-02-06 16:30:59,806,resistance_soldier,resistance,10,4,6,9,Sullust
2024-02-06 16:30:58,807,at-at,empire,10,8,7,9,Stewjon
2024-02-06 16:30:57,808,stormtrooper,empire,7,10,2,2,Haruun Kal
2024-02-06 16:30:56,809,at-at,resistance,4,8,6,9,Champala
2024-02-06 16:30:55,810,resistance_soldier,empire,6,5,8,4,Naboo
2024-02-06 16:30:54,811,x-wing,empire,1,5,1,10,Tund
2024-02-06 16:30:53,812,at-at,resistance,1,7,4,4,Dathomir
2024-02-06 16:30:52,813,tie_fighter,empire,7,6,3,3,Concord Dawn
2024-02-06 16:30:51,814,resistance_soldier,empire,7,4,5,3,Concord Dawn
2024-02-06 16:30:50,815,stormtrooper,resistance,7,3,4,2,Mon Cala
2024-02-06 16:30:49,816,unknown,resistance,9,9,8,9,Chandrila
2024-02-06 16:30:48,817,stormtrooper,resistance,6,2,5,5,Naboo
2024-02-06 16:30:47,818,unknown,empire,5,1,7,10,Concord Dawn
2024-02-06 16:30:46,819,at-at,empire,4,1,8,10,Tund
2024-02-06 16:30:45,820,x-wing,resistance,7,7,3,6,Dathomir
2024-02-06 16:30:44,821,at-at,resistance,8,9,4,10,Tholoth
2024-02-06 16:30:43,822,unknown,empire,4,2,5,5,Toydaria
2024-02-06 16:30:42,823,at-at,empire,5,6,3,2,Trandosha
2024-02-06 16:30:41,824,at-at,empire,6,7,5,6,Cerea
2024-02-06 16:30:40,825,at-at,resistance,7,2,5,1,Toydaria
2024-02-06 16:30:39,826,unknown,empire,8,3,9,9,Stewjon
2024-02-06 16:30:38,827,at-st,resistance,10,3,9,9,Alderaan
2024-02-06 16:30:37,828,at-st,resistance,8,4,2,5,Champala
2024-02-06 16:30:36,829,stormtrooper,resistance,3,5,2,8,Sullust
2024-02-06 16:30:35,830,x-wing,resistance,7,8,9,6,Cerea
2024-02-06 16:30:34,831,stormtrooper,empire,8,9,4,5,Skako
2024-02-06 16:30:33,832,tie_silencer,resistance,10,7,7,6,Chandrila
2024-02-06 16:30:32,833,at-st,resistance,3,7,4,5,Glee Anselm
2024-02-06 16:30:31,834,tie_fighter,resistance,5,3,4,10,Rodia
2024-02-06 16:30:30,835,stormtrooper,empire,5,5,10,3,Rodia
2024-02-06 16:30:29,836,at-at,resistance,3,4,4,7,Zolan
2024-02-06 16:30:28,837,at-st,empire,10,8,2,2,Trandosha
2024-02-06 16:30:27,838,unknown,empire,9,1,3,3,Vulpter
2024-02-06 16:30:26,839,tie_silencer,resistance,9,3,9,5,Bestine IV
2024-02-06 16:30:25,840,x-wing,empire,6,5,7,3,Iridonia
2024-02-06 16:30:24,841,tie_silencer,resistance,8,1,5,4,Tholoth
2024-02-06 16:30:23,842,stormtrooper,empire,1,4,4,8,Tholoth
2024-02-06 16:30:22,843,x-wing,resistance,1,1,10,9,Chandrila
2024-02-06 16:30:21,844,unknown,empire,1,10,1,3,Dagobah
2024-02-06 16:30:20,845,at-st,resistance,7,6,9,4,Ojom
2024-02-06 16:30:19,846,resistance_soldier,resistance,9,10,8,2,Mirial
2024-02-06 16:30:18,847,stormtrooper,empire,3,9,9,9,Ojom
2024-02-06 16:30:17,848,at-at,resistance,3,10,4,9,Zolan
2024-02-06 16:30:16,849,stormtrooper,resistance,2,6,9,7,Mirial
2024-02-06 16:30:15,850,tie_silencer,resistance,3,9,8,10,Iktotch
2024-02-06 16:30:14,851,resistance_soldier,resistance,10,4,4,5,Iridonia
2024-02-06 16:30:13,852,at-st,resistance,2,2,4,6,Alderaan
2024-02-06 16:30:12,853,x-wing,resistance,3,3,5,1,Haruun Kal
2024-02-06 16:30:11,854,resistance_soldier,empire,9,9,6,7,Serenno
2024-02-06 16:30:10,855,resistance_soldier,resistance,4,9,9,1,Quermia
2024-02-06 16:30:09,856,x-wing,resistance,2,1,5,2,Mon Cala
2024-02-06 16:30:08,857,unknown,resistance,10,3,9,2,Kashyyyk
2024-02-06 16:30:07,858,tie_silencer,empire,9,1,6,5,Trandosha
2024-02-06 16:30:06,859,tie_fighter,resistance,10,7,5,10,Champala
2024-02-06 16:30:05,860,unknown,resistance,7,3,8,4,Tatooine
2024-02-06 16:30:04,861,at-at,empire,7,10,3,5,Aleen Minor
2024-02-06 16:30:03,862,resistance_soldier,empire,9,2,1,7,Serenno
2024-02-06 16:30:02,863,at-st,resistance,9,2,4,10,Sullust
2024-02-06 16:30:01,864,x-wing,empire,1,7,5,10,Dagobah
2024-02-06 16:30:00,865,at-at,empire,4,10,4,10,Tatooine
2024-02-06 16:29:59,866,at-at,resistance,9,10,5,9,Dathomir
2024-02-06 16:29:58,867,at-st,empire,1,9,10,4,Ojom
2024-02-06 16:29:57,868,resistance_soldier,empire,2,4,5,6,Concord Dawn
2024-02-06 16:29:56,869,x-wing,resistance,1,9,1,4,Champala
2024-02-06 16:29:55,870,tie_fighter,resistance,4,10,3,7,Mirial
2024-02-06 16:29:54,871,tie_fighter,resistance,8,6,1,1,Bestine IV
2024-02-06 16:29:53,872,unknown,resistance,6,2,7,4,Iktotch
2024-02-06 16:29:52,873,x-wing,empire,10,9,2,2,Bestine IV
2024-02-06 16:29:51,874,at-st,empire,2,6,4,5,Mirial
2024-02-06 16:29:50,875,unknown,resistance,6,3,6,2,Quermia
2024-02-06 16:29:49,876,tie_silencer,resistance,8,6,6,2,Mirial
2024-02-06 16:29:48,877,tie_silencer,empire,7,4,7,5,Bestine IV
2024-02-06 16:29:47,878,unknown,resistance,7,7,7,4,Iktotch
2024-02-06 16:29:46,879,resistance_soldier,empire,7,9,5,4,Skako
2024-02-06 16:29:45,880,unknown,empire,8,3,4,8,Concord Dawn
2024-02-06 16:29:44,881,x-wing,empire,3,7,3,4,Muunilinst
2024-02-06 16:29:43,882,x-wing,empire,6,10,4,10,Sullust
2024-02-06 16:29:42,883,x-wing,resistance,8,9,7,5,Naboo
2024-02-06 16:29:41,884,unknown,resistance,8,4,10,9,Chandrila
2024-02-06 16:29:40,885,at-st,empire,3,5,5,3,Quermia
2024-02-06 16:29:39,886,tie_silencer,resistance,9,6,2,2,Dorin
2024-02-06 16:29:38,887,unknown,resistance,10,7,2,2,Chandrila
2024-02-06 16:29:37,888,at-at,resistance,1,2,6,10,Kalee
2024-02-06 16:29:36,889,at-st,resistance,1,5,5,6,Iridonia
2024-02-06 16:29:35,890,at-at,empire,8,2,2,8,Ojom
2024-02-06 16:29:34,891,at-at,resistance,5,2,2,1,Alderaan
2024-02-06 16:29:33,892,tie_fighter,empire,2,8,10,2,Skako
2024-02-06 16:29:32,893,resistance_soldier,empire,7,4,6,10,Serenno
2024-02-06 16:29:31,894,tie_silencer,resistance,3,3,3,8,Chandrila
2024-02-06 16:29:30,895,stormtrooper,empire,6,3,6,1,Haruun Kal
2024-02-06 16:29:29,896,at-st,resistance,1,7,9,7,Kashyyyk
2024-02-06 16:29:28,897,tie_fighter,resistance,9,6,6,2,Mon Cala
2024-02-06 16:29:27,898,at-at,empire,2,8,2,8,Dathomir
2024-02-06 16:29:26,899,resistance_soldier,resistance,1,8,3,3,Iridonia
2024-02-06 16:29:25,900,stormtrooper,resistance,6,3,9,1,Kashyyyk
2024-02-06 16:29:24,901,unknown,resistance,3,6,6,8,Sullust
2024-02-06 16:29:23,902,at-at,empire,10,3,3,1,Kalee
2024-02-06 16:29:22,903,x-wing,resistance,5,2,1,4,Bestine IV
2024-02-06 16:29:21,904,at-st,empire,4,4,7,1,Tholoth
2024-02-06 16:29:20,905,tie_silencer,resistance,5,10,8,6,Trandosha
2024-02-06 16:29:19,906,resistance_soldier,empire,4,1,2,5,Muunilinst
2024-02-06 16:29:18,907,x-wing,resistance,10,10,10,9,Quermia
2024-02-06 16:29:17,908,at-at,resistance,8,1,3,7,Sullust
2024-02-06 16:29:16,909,resistance_soldier,empire,6,1,6,9,Serenno
2024-02-06 16:29:15,910,tie_silencer,resistance,6,1,1,5,Dagobah
2024-02-06 16:29:14,911,at-at,resistance,9,5,1,5,Mirial
2024-02-06 16:29:13,912,at-st,resistance,7,3,1,6,Ryloth
2024-02-06 16:29:12,913,unknown,empire,2,9,5,10,Bestine IV
2024-02-06 16:29:11,914,resistance_soldier,empire,2,9,10,4,Trandosha
2024-02-06 16:29:10,915,resistance_soldier,empire,10,2,6,7,Tholoth
2024-02-06 16:29:09,916,x-wing,resistance,1,8,3,7,Champala
2024-02-06 16:29:08,917,at-st,empire,4,9,7,9,Cerea
2024-02-06 16:29:07,918,unknown,empire,7,10,5,4,Trandosha
2024-02-06 16:29:06,919,unknown,resistance,10,4,3,3,Naboo
2024-02-06 16:29:05,920,at-st,empire,10,9,5,1,Concord Dawn
2024-02-06 16:29:04,921,at-at,empire,3,4,7,5,Quermia
2024-02-06 16:29:03,922,stormtrooper,resistance,3,7,8,10,Concord Dawn
2024-02-06 16:29:02,923,tie_silencer,empire,1,9,1,7,Mirial
2024-02-06 16:29:01,924,unknown,empire,7,9,10,10,Naboo
2024-02-06 16:29:00,925,tie_silencer,resistance,3,8,2,3,Ojom
2024-02-06 16:28:59,926,unknown,resistance,9,7,2,3,Mirial
2024-02-06 16:28:58,927,at-st,empire,4,9,3,9,Dagobah
2024-02-06 16:28:57,928,tie_silencer,empire,1,5,3,4,Champala
2024-02-06 16:28:56,929,unknown,resistance,5,9,10,3,Glee Anselm
2024-02-06 16:28:55,930,at-at,empire,2,3,5,2,Tund
2024-02-06 16:28:54,931,at-st,resistance,9,3,2,4,Haruun Kal
2024-02-06 16:28:53,932,tie_fighter,resistance,1,4,2,8,Rodia
2024-02-06 16:28:52,933,stormtrooper,resistance,6,1,5,4,Kashyyyk
2024-02-06 16:28:51,934,unknown,resistance,9,5,10,10,Bestine IV
2024-02-06 16:28:50,935,stormtrooper,resistance,1,1,7,1,Glee Anselm
2024-02-06 16:28:49,936,x-wing,resistance,7,9,9,1,Ryloth
2024-02-06 16:28:48,937,unknown,empire,3,2,1,6,Kalee
2024-02-06 16:28:47,938,tie_silencer,empire,4,7,5,8,Dorin
2024-02-06 16:28:46,939,at-at,empire,9,5,7,9,Serenno
2024-02-06 16:28:45,940,resistance_soldier,resistance,7,5,2,1,Champala
2024-02-06 16:28:44,941,stormtrooper,empire,8,4,3,10,Ryloth
2024-02-06 16:28:43,942,resistance_soldier,empire,4,2,8,10,Aleen Minor
2024-02-06 16:28:42,943,at-st,empire,4,1,9,2,Dorin
2024-02-06 16:28:41,944,x-wing,empire,2,7,7,4,Toydaria
2024-02-06 16:28:40,945,at-at,empire,10,2,3,7,Tholoth
2024-02-06 16:28:39,946,x-wing,resistance,3,9,10,2,Champala
2024-02-06 16:28:38,947,tie_fighter,resistance,8,8,7,1,Kalee
2024-02-06 16:28:37,948,resistance_soldier,empire,4,6,3,10,Malastare
2024-02-06 16:28:36,949,at-at,empire,2,9,2,5,Bestine IV
2024-02-06 16:28:35,950,tie_fighter,resistance,7,3,7,4,Iktotch
2024-02-06 16:28:34,951,tie_fighter,resistance,3,7,5,1,Haruun Kal
2024-02-06 16:28:33,952,tie_silencer,resistance,6,1,1,4,Umbara
2024-02-06 16:28:32,953,tie_fighter,resistance,3,9,10,6,Eriadu
2024-02-06 16:28:31,954,tie_fighter,empire,4,4,6,8,Eriadu
2024-02-06 16:28:30,955,stormtrooper,resistance,9,9,1,1,Skako
2024-02-06 16:28:29,956,unknown,resistance,10,6,4,7,Alderaan
2024-02-06 16:28:28,957,at-at,resistance,3,9,5,1,Naboo
2024-02-06 16:28:27,958,at-st,empire,4,6,10,3,Corellia
2024-02-06 16:28:26,959,unknown,empire,3,10,1,9,Kalee
2024-02-06 16:28:25,960,x-wing,resistance,3,5,4,7,Naboo
2024-02-06 16:28:24,961,tie_silencer,empire,6,3,2,5,Quermia
2024-02-06 16:28:23,962,tie_fighter,empire,1,1,2,3,Socorro
2024-02-06 16:28:22,963,unknown,empire,7,8,7,4,Concord Dawn
2024-02-06 16:28:21,964,resistance_soldier,resistance,10,10,3,4,Quermia
2024-02-06 16:28:20,965,unknown,resistance,1,10,7,6,Aleen Minor
2024-02-06 16:28:19,966,at-st,empire,4,1,10,10,Toydaria
2024-02-06 16:28:18,967,at-st,resistance,4,3,10,10,Aleen Minor
2024-02-06 16:28:17,968,resistance_soldier,resistance,7,2,8,9,Sullust
2024-02-06 16:28:16,969,tie_fighter,empire,10,6,1,1,Malastare
2024-02-06 16:28:15,970,x-wing,resistance,9,7,4,5,Naboo
2024-02-06 16:28:14,971,resistance_soldier,empire,3,6,1,5,Corellia
2024-02-06 16:28:13,972,at-at,empire,9,10,9,6,Corellia
2024-02-06 16:28:12,973,tie_fighter,empire,4,2,10,5,Ryloth
2024-02-06 16:28:11,974,at-at,empire,9,6,3,9,Corellia
2024-02-06 16:28:10,975,tie_fighter,resistance,10,3,4,6,Kalee
2024-02-06 16:28:09,976,at-st,resistance,6,4,8,7,Socorro
2024-02-06 16:28:08,977,resistance_soldier,resistance,8,9,1,4,Haruun Kal
2024-02-06 16:28:07,978,tie_fighter,resistance,10,8,3,1,Eriadu
2024-02-06 16:28:06,979,x-wing,empire,1,1,7,8,Rodia
2024-02-06 16:28:05,980,tie_silencer,resistance,10,1,4,6,Glee Anselm
2024-02-06 16:28:04,981,at-st,resistance,9,3,3,2,Iridonia
2024-02-06 16:28:03,982,tie_fighter,empire,5,7,3,10,Zolan
2024-02-06 16:28:02,983,tie_fighter,resistance,9,9,8,7,Troiken
2024-02-06 16:28:01,984,at-at,empire,6,2,4,3,Trandosha
2024-02-06 16:28:00,985,stormtrooper,empire,10,6,7,5,Rodia
2024-02-06 16:27:59,986,stormtrooper,empire,3,9,2,4,Tatooine
2024-02-06 16:27:58,987,tie_fighter,resistance,6,6,4,5,Bestine IV
2024-02-06 16:27:57,988,unknown,resistance,6,3,7,1,Dorin
2024-02-06 16:27:56,989,x-wing,empire,9,5,6,1,Champala
2024-02-06 16:27:55,990,x-wing,empire,8,10,9,7,Serenno
2024-02-06 16:27:54,991,resistance_soldier,resistance,9,5,1,2,Malastare
2024-02-06 16:27:53,992,unknown,empire,7,8,2,8,Chandrila
2024-02-06 16:27:52,993,at-st,empire,6,8,3,7,Serenno
2024-02-06 16:27:51,994,at-st,empire,2,3,6,7,Aleen Minor
2024-02-06 16:27:50,995,resistance_soldier,empire,7,2,1,5,Umbara
2024-02-06 16:27:49,996,tie_silencer,resistance,1,10,6,10,Eriadu
2024-02-06 16:27:48,997,at-at,empire,5,6,2,3,Malastare
2024-02-06 16:27:47,998,resistance_soldier,resistance,7,7,8,6,Dathomir
2024-02-06 16:27:46,999,at-st,resistance,5,6,4,9,Concord Dawn
2024-02-06 16:27:45,1000,stormtrooper,resistance,4,8,9,2,Haruun Kal
